{
  "teil-mathe": [
      {
          "a": "Was ist das Ergebnis von \\( \\frac{10}{2} \\) ?",
          "l": ["5", "6", "4", "7"],
          "correctIndex": 0
      },
      {
          "a": "Was ist die Ableitung von \\( x^3 \\) ?",
          "l": ["3x^2", "3x", "x^3", "2x"],
          "correctIndex": 0
      },
      
      {
        "a": "Was ist der Winkel in Grad eines rechtwinkligen Dreiecks?",
        "l": ["90", "45", "60", "120"],
        "correctIndex": 0
      },
      {
        "a": "Wie viele Seiten hat ein Sechseck?",
        "l": ["6", "5", "7", "8"],
        "correctIndex": 0
      },
      {
          "a": "Wie lautet die Formel für die Fläche eines Kreises?",
          "l": ["$$\\pi r^2$$", "$$\\pi r$$", "$$\\pi d$$", "$$r^2$$"],
          "correctIndex": 0
      },
      {
          "a": "Was ist die Lösung der Gleichung \\( 2x + 3 = 7 \\) ?",
          "l": ["2", "3", "1", "4"],
          "correctIndex": 0
      },
      {
        "a": "Was ist der Betrag von -9?",
        "l": ["9", "0", "1", "-9"],
        "correctIndex": 0
      },
      {
        "a": "Was ist die Summe der geometrischen Reihe \\( 1 + r + r^2 + r^3 + \\ldots + r^n \\) ?",
        "l": ["$$\\frac{1-r^{n+1}}{1-r}$$", "$$\\frac{r^{n+1}-1}{r-1}$$", "$$\\frac{1-r^n}{1-r}$$", "$$\\frac{r^n-1}{r-1}$$"],
        "correctIndex": 0
    },
      {
        "a": "Was ist das Ergebnis von 5 + 3?",
        "l": ["8", "7", "9", "6"],
        "correctIndex": 0
    },
    {
      "a": "Wie lautet der Wert von π, auf zwei Dezimalstellen genau?",
      "l": ["3.14", "3.15", "3.13", "3.12"],
      "correctIndex": 0
  }
  ]

,
    "teil-it": [
      {
        "a": "Was bedeutet die Abkürzung 'CPU'?",
        "l": ["Central Processing Unit","Central Programming Unit","Computer Personal Unit","Central Peripheral Unit"],
        "correctIndex": 0
      },
      {
        "a": "Welche Programmiersprache wird hauptsächlich für Webentwicklung verwendet?",
        "l": ["JavaScript","Python","C++","Java"],
        "correctIndex": 0
      },
      {
        "a": "Was ist ein Algorithmus?",
        "l": ["Eine Schritt-für-Schritt-Anleitung zur Lösung eines Problems","Eine Art von Computerspiel","Ein Speichergerät","Eine Programmiersprache"],
        "correctIndex": 0
      },
      {
        "a": "Welches dieser Dateisysteme wird von Windows verwendet?",
        "l": ["NTFS","ext4","HFS+","APFS"],
        "correctIndex": 0
      },
      {
        "a": "Was bedeutet 'HTML'?",
        "l": ["Hypertext Markup Language","Hyperlink Markup Language","Hypertext Machine Language","Hyperlink Machine Language"],
        "correctIndex": 0
      },
      {
        "a": "Welches der folgenden Geräte ist ein Eingabegerät?",
        "l": ["Tastatur","Monitor","Drucker","Lautsprecher"],
        "correctIndex": 0
      },
      {
        "a": "Welche der folgenden ist keine Programmiersprache?",
        "l": ["HTML","Python","Java","Ruby"],
        "correctIndex": 0
      },
      {
        "a": "Was ist 'Big Data'?",
        "l": ["Große Mengen an strukturierten und unstrukturierten Daten","Eine Programmiersprache","Eine Art von Speichergerät","Ein Betriebssystem"],
        "correctIndex": 0
      },
      {
        "a": "Welches Protokoll wird für den Versand von E-Mails verwendet?",
        "l": ["SMTP","FTP","HTTP","SSH"],
        "correctIndex": 0
      },
      {
        "a": "Welcher der folgenden Begriffe bezeichnet ein Sicherheitsrisiko in der IT?",
        "l": ["Trojaner","Firewall","VPN","SSL"],
        "correctIndex": 0
      }
    ],
  "teil-allgemeinwissen": [
        {
          "a": "Wann begann der erste Weltkrieg?",
          "l": ["1914", "1917/18", "1939", "1929"],
          "correctIndex": 0
        },
        {
          "a": "Wer war der erste Europäer, der Australien entdeckt hat?",
          "l": ["Willem Janszoon", "James Cook", "Fernando Magellan", "Henry Hudson"],
          "correctIndex": 0
        },
        {
          "a": "Wann war der Wiener Kongress?",
          "l": ["1814/15", "1848/49", "1791", "1806"],
          "correctIndex": 0
        },
        {
          "a": "Wann wurde der Staat Israel gegründet?",
          "l": ["1948", "1945", "1949", "1967"],
          "correctIndex": 0
        },
        {
          "a": "Wer war der erste Mensch im Weltall?",
          "l": ["Yuri Gagarin", "Michael Collins", "Neil Armstrong", "Wladimir Sergejewitsch Iljuschin"],
          "correctIndex": 0
        },
        {
          "a": "In welchem Land liegt der Mount Everest?",
          "l": ["Nepal", "Indien", "USA", "China"],
          "correctIndex": 0
        },
        {
          "a": "Wie viele Weltwunder gibt es?",
          "l": ["Sieben", "Sechs", "Acht", "Neun"],
          "correctIndex": 0
        },
        {
          "a": "Wo fand die große Niederlage der Römer gegen die Germanen statt?",
          "l": ["Teutoburger Wald", "Schwarzwald", "Harzgebirge", "Westerwald"],
          "correctIndex": 0
        },
        {
          "a": "Welches Land wird auch als 'Zweistromland' bezeichnet?",
          "l": ["Irak", "Libanon", "Iran", "Türkei"],
          "correctIndex": 0
        },
        {
          "a": "Welcher von den unten genannten Personen ist KEIN Autor der 4 Evangelien?",
          "l": ["Thomas", "Matthäus", "Lukas", "Johannes"],
          "correctIndex": 0
        }
      ]
      ,
      "teil-noten":[
        {"a": "Um welche Note handelt es sich?", "note": "D5", "l": ["D5", "E5", "F5", "G5"]},
        {"a": "Um welche Note handelt es sich?", "note": "C4", "l": ["C4", "D4", "E4", "F4"]},
        {"a": "Um welche Note handelt es sich?", "note": "E4", "l": ["E4", "F4", "G4", "A4"]},
        {"a": "Um welche Note handelt es sich?", "note": "G4", "l": ["G4", "A4", "B4", "C5"]},
        {"a": "Um welche Note handelt es sich?", "note": "B4", "l": ["B4", "C5", "D5", "E5"]},
        {"a": "Um welche Note handelt es sich?", "note": "A4", "l": ["A4", "B4", "C5", "D5"]},
        {"a": "Um welche Note handelt es sich?", "note": "F4", "l": ["F4", "G4", "A4", "B4"]},
        {"a": "Um welche Note handelt es sich?", "note": "E5", "l": ["E5", "F5", "G5", "A5"]},
        {"a": "Um welche Note handelt es sich?", "note": "D4", "l": ["D4", "E4", "F4", "G4"]},
        {"a": "Um welche Note handelt es sich?", "note": "C5", "l": ["C5", "D5", "E5", "F5"]}
 
      ]
    
}